Hardness_kg_mm2,Hardness_Predicted,Is_Original,Hardness_Final
,168.68442,False,168.68441772460938
,174.92494,False,174.92494201660156
,175.12018,False,175.12017822265625
,170.24623,False,170.24623107910156
,176.48676,False,176.48675537109375
,176.68199,False,176.68199157714844
,178.62234,False,178.62234497070312
,185.04398,False,185.04397583007812
,185.48448,False,185.48448181152344
,179.57343,False,179.57342529296875
,185.99506,False,185.99505615234375
,186.43556,False,186.43556213378906
,169.98404,False,169.98403930664062
,176.4198,False,176.4197998046875
,170.72888,False,170.7288818359375
,176.9694,False,176.9694061279297
,177.16464,False,177.16464233398438
,178.92087,False,178.92086791992188
,185.66159,False,185.66159057617188
,179.43483,False,179.43482971191406
,185.85646,False,185.85646057128906
,186.17555,False,186.17555236816406
,169.84201,False,169.84201049804688
,175.83849,False,175.83848571777344
,176.27777,False,176.27777099609375
,171.13669,False,171.13668823242188
,177.13316,False,177.13316345214844
,177.57245,False,177.57244873046875
,179.32867,False,179.32867431640625
,185.50626,False,185.50625610351562
,186.0694,False,186.06939697265625
,179.84264,False,179.84263610839844
,186.29872,False,186.29872131347656
,186.86186,False,186.8618621826172
,169.91144,False,169.91143798828125
,175.90791,False,175.9079132080078
,176.3472,False,176.34719848632812
,170.79532,False,170.79531860351562
,176.7918,False,176.7917938232422
,177.23108,False,177.2310791015625
,180.14789,False,180.14788818359375
,186.32547,False,186.32546997070312
,186.88861,False,186.88861083984375
,180.10022,False,180.1002197265625
,186.2778,False,186.27780151367188
,186.84094,False,186.8409423828125
,170.17941,False,170.17941284179688
,176.17589,False,176.17588806152344
,176.61517,False,176.61517333984375
,170.90755,False,170.9075469970703
,176.90402,False,176.90402221679688
,177.3433,False,177.3433074951172
,180.14789,False,180.14788818359375
,186.32547,False,186.32546997070312
,186.88861,False,186.88861083984375
,179.70247,False,179.7024688720703
,185.88005,False,185.8800506591797
,186.44319,False,186.4431915283203
,182.44655,False,182.44654846191406
,182.12361,False,182.1236114501953
,181.37729,False,181.37728881835938
,180.979,False,180.97900390625
,180.52754,False,180.5275421142578
,180.2175,False,180.21749877929688
,180.2819,False,180.2819061279297
,179.7785,False,179.77850341796875
,178.15343,False,178.15342712402344
,177.81335,False,177.8133544921875
,179.91786,False,179.91786193847656
,179.41446,False,179.41445922851562
,174.17839,False,174.1783905029297
,181.63145,False,181.63145446777344
,181.63145,False,181.63145446777344
,181.63145,False,181.63145446777344
,185.82675,False,185.82675170898438
,192.40987,False,192.4098663330078
,192.40987,False,192.4098663330078
,192.40987,False,192.4098663330078
,186.36322,False,186.36322021484375
,193.33345,False,193.3334503173828
,193.33345,False,193.3334503173828
,193.33345,False,193.3334503173828
,187.2656,False,187.26559448242188
,194.23582,False,194.23582458496094
,194.23582,False,194.23582458496094
,194.23582,False,194.23582458496094
,186.67863,False,186.6786346435547
,193.64886,False,193.64886474609375
,193.64886,False,193.64886474609375
,193.64886,False,193.64886474609375
,192.51395,False,192.51394653320312
,199.48903,False,199.48902893066406
,199.48903,False,199.48902893066406
,199.48903,False,199.48902893066406
,174.59007,False,174.59007263183594
,182.18202,False,182.18202209472656
,182.18202,False,182.18202209472656
,182.18202,False,182.18202209472656
,186.61638,False,186.6163787841797
,193.39658,False,193.39657592773438
,193.39658,False,193.39657592773438
,193.39658,False,193.39657592773438
,186.84604,False,186.84603881835938
,194.01335,False,194.0133514404297
,194.01335,False,194.0133514404297
,194.01335,False,194.0133514404297
,187.37234,False,187.37234497070312
,194.61237,False,194.61236572265625
,194.61237,False,194.61236572265625
,194.61237,False,194.61236572265625
,192.2361,False,192.23609924316406
,199.21118,False,199.211181640625
,199.21118,False,199.211181640625
,199.21118,False,199.211181640625
,192.87315,False,192.87315368652344
,199.84824,False,199.84823608398438
,199.84824,False,199.84823608398438
,199.84824,False,199.84823608398438
,175.65807,False,175.65806579589844
,183.26108,False,183.26107788085938
,183.26108,False,183.26107788085938
,179.81517,False,179.81517028808594
,187.48013,False,187.48013305664062
,187.48013,False,187.48013305664062
,187.16298,False,187.16297912597656
,194.1091,False,194.10910034179688
,194.1091,False,194.10910034179688
,187.52086,False,187.52085876464844
,194.45143,False,194.45143127441406
,194.45143,False,194.45143127441406
,192.15039,False,192.150390625
,198.74814,False,198.74813842773438
,198.74814,False,198.74813842773438
,192.61679,False,192.61679077148438
,199.21454,False,199.21453857421875
,199.21454,False,199.21453857421875
,181.20544,False,181.2054443359375
,188.55827,False,188.5582733154297
,188.55827,False,188.5582733154297
,188.55827,False,188.5582733154297
,178.01015,False,178.01014709472656
,185.00238,False,185.00238037109375
,185.00238,False,185.00238037109375
,185.00238,False,185.00238037109375
,187.12262,False,187.12261962890625
,194.30444,False,194.304443359375
,194.30444,False,194.304443359375
,194.30444,False,194.304443359375
,187.79774,False,187.79774475097656
,195.03777,False,195.0377655029297
,195.03777,False,195.0377655029297
,195.03777,False,195.0377655029297
,190.64291,False,190.64291381835938
,198.2378,False,198.23779296875
,198.2378,False,198.23779296875
,198.2378,False,198.23779296875
,187.3699,False,187.36990356445312
,194.55173,False,194.55172729492188
,194.55173,False,194.55172729492188
,194.55173,False,194.55172729492188
,180.35922,False,180.35922241210938
,187.71205,False,187.71205139160156
,187.71205,False,187.71205139160156
,187.71205,False,187.71205139160156
,184.3746,False,184.37460327148438
,191.55838,False,191.55838012695312
,191.55838,False,191.55838012695312
,191.55838,False,191.55838012695312
,186.48965,False,186.48965454101562
,193.88138,False,193.88137817382812
,193.88138,False,193.88137817382812
,193.88138,False,193.88137817382812
,190.8986,False,190.8986053466797
,198.02539,False,198.025390625
,198.02539,False,198.025390625
,198.02539,False,198.025390625
,191.75844,False,191.75843811035156
,198.88522,False,198.88522338867188
,198.88522,False,198.88522338867188
,198.88522,False,198.88522338867188
,191.08809,False,191.0880889892578
,198.21487,False,198.21487426757812
,198.21487,False,198.21487426757812
,198.21487,False,198.21487426757812
,244.26984,False,244.26983642578125
,244.26984,False,244.26983642578125
,244.26984,False,244.26983642578125
,244.26984,False,244.26983642578125
,243.64098,False,243.64097595214844
,243.64098,False,243.64097595214844
,243.64098,False,243.64097595214844
,243.64098,False,243.64097595214844
,238.93231,False,238.93231201171875
,238.93231,False,238.93231201171875
,238.93231,False,238.93231201171875
,238.93231,False,238.93231201171875
,244.62505,False,244.6250457763672
,244.62505,False,244.6250457763672
,244.62505,False,244.6250457763672
,244.62505,False,244.6250457763672
,240.05263,False,240.05262756347656
,240.05263,False,240.05262756347656
,240.05263,False,240.05262756347656
,240.05263,False,240.05262756347656
,238.73575,False,238.73574829101562
,238.73575,False,238.73574829101562
,238.73575,False,238.73574829101562
,238.73575,False,238.73574829101562
,238.83266,False,238.83265686035156
,238.83266,False,238.83265686035156
,238.83266,False,238.83265686035156
,238.83266,False,238.83265686035156
,240.51164,False,240.5116424560547
,240.51164,False,240.5116424560547
,240.51164,False,240.5116424560547
,240.51164,False,240.5116424560547
,168.68442,False,168.68441772460938
,175.12018,False,175.12017822265625
,174.92494,False,174.92494201660156
,170.24623,False,170.24623107910156
,176.68199,False,176.68199157714844
,176.48676,False,176.48675537109375
,178.62234,False,178.62234497070312
,185.48448,False,185.48448181152344
,185.04398,False,185.04397583007812
,179.57343,False,179.57342529296875
,186.43556,False,186.43556213378906
,185.99506,False,185.99505615234375
,172.86252,False,172.86251831054688
,178.8726,False,178.8726043701172
,173.27109,False,173.27108764648438
,179.28117,False,179.2811737060547
,180.59467,False,180.59466552734375
,179.23619,False,179.23619079589844
,185.67265,False,185.6726531982422
,180.32806,False,180.32806396484375
,186.64311,False,186.6431121826172
,187.36882,False,187.3688201904297
,199.66002,False,199.66001892089844
,205.05556,False,205.05555725097656
,212.81966,False,212.8196563720703
,205.82033,False,205.82032775878906
,209.55013,False,209.5501251220703
,222.32816,False,222.32815551757812
,210.5371,False,210.53709411621094
,214.57185,False,214.5718536376953
,226.8033,False,226.8032989501953
,213.58223,False,213.5822296142578
,217.61699,False,217.6169891357422
,237.72942,False,237.7294158935547
,205.11102,False,205.11102294921875
,208.88963,False,208.88963317871094
,222.24329,False,222.2432861328125
,206.54204,False,206.5420379638672
,210.32065,False,210.32064819335938
,223.6743,False,223.67430114746094
,210.66606,False,210.6660614013672
,214.74963,False,214.7496337890625
,231.98993,False,231.98992919921875
,213.8833,False,213.88330078125
,218.24538,False,218.24537658691406
,246.48146,False,246.48146057128906
,205.86552,False,205.8655242919922
,209.64413,False,209.64413452148438
,227.19106,False,227.19105529785156
,207.89764,False,207.89764404296875
,211.55484,False,211.55484008789062
,229.27638,False,229.27638244628906
,213.44704,False,213.44703674316406
,217.53061,False,217.53060913085938
,234.53093,False,234.5309295654297
,214.46259,False,214.46258544921875
,218.82466,False,218.8246612548828
,249.5009,False,249.5009002685547
,175.6598,False,175.65980529785156
,183.04185,False,183.04185485839844
,183.04185,False,183.04185485839844
,183.04185,False,183.04185485839844
,182.43848,False,182.4384765625
,182.43848,False,182.4384765625
,182.43848,False,182.4384765625
,176.37428,False,176.37428283691406
,183.71423,False,183.7142333984375
,183.71423,False,183.7142333984375
,183.15295,False,183.1529541015625
,183.15295,False,183.1529541015625
,180.16705,False,180.16705322265625
,187.4343,False,187.43429565429688
,187.4343,False,187.43429565429688
,186.94572,False,186.9457244873047
,186.94572,False,186.9457244873047
,186.94572,False,186.9457244873047
,186.61638,False,186.6163787841797
,193.39658,False,193.39657592773438
,193.39658,False,193.39657592773438
,193.39658,False,193.39657592773438
,192.735,False,192.73500061035156
,192.735,False,192.73500061035156
,192.735,False,192.73500061035156
,186.84717,False,186.84716796875
,193.84148,False,193.8414764404297
,193.84148,False,193.8414764404297
,193.3529,False,193.3529052734375
,193.3529,False,193.3529052734375
,193.3529,False,193.3529052734375
,187.01904,False,187.01904296875
,194.01335,False,194.0133514404297
,194.01335,False,194.0133514404297
,194.01335,False,194.0133514404297
,193.52478,False,193.5247802734375
,193.52478,False,193.5247802734375
,193.52478,False,193.5247802734375
,187.5757,False,187.57569885253906
,194.64272,False,194.64271545410156
,194.64272,False,194.64271545410156
,194.64272,False,194.64271545410156
,194.08144,False,194.08143615722656
,194.08144,False,194.08143615722656
,194.08144,False,194.08143615722656
,192.43945,False,192.439453125
,199.24153,False,199.2415313720703
,199.24153,False,199.2415313720703
,199.24153,False,199.2415313720703
,199.10445,False,199.1044464111328
,199.10445,False,199.1044464111328
,199.10445,False,199.1044464111328
,193.0765,False,193.07650756835938
,199.87859,False,199.8785858154297
,199.87859,False,199.8785858154297
,199.87859,False,199.8785858154297
,199.7415,False,199.7415008544922
,199.7415,False,199.7415008544922
,199.7415,False,199.7415008544922
,169.52415,False,169.52415466308594
,177.0659,False,177.06590270996094
,176.0653,False,176.0653076171875
,169.3495,False,169.34950256347656
,176.83305,False,176.8330535888672
,175.89066,False,175.89065551757812
,168.90038,False,168.90037536621094
,176.51534,False,176.5153350830078
,175.44153,False,175.4415283203125
,169.33345,False,169.3334503173828
,176.8752,False,176.8751983642578
,175.8746,False,175.87460327148438
,168.47258,False,168.4725799560547
,176.08754,False,176.08753967285156
,175.01373,False,175.01373291015625
,170.53647,False,170.53646850585938
,178.02034,False,178.0203399658203
,177.07762,False,177.07762145996094
,169.75906,False,169.75906372070312
,177.30081,False,177.30081176757812
,176.30022,False,176.3002166748047
,169.74878,False,169.748779296875
,177.08063,False,177.08062744140625
,176.28993,False,176.28993225097656
,170.23149,False,170.2314910888672
,177.77324,False,177.7732391357422
,176.77264,False,176.77264404296875
,172.08986,False,172.08985900878906
,179.75484,False,179.7548370361328
,178.81212,False,178.81211853027344
,175.10321,False,175.10321044921875
,182.82607,False,182.82606506347656
,181.88188,False,181.8818817138672
,173.58894,False,173.5889434814453
,181.38501,False,181.385009765625
,180.36761,False,180.36761474609375
,171.73541,False,171.73541259765625
,179.4004,False,179.40040588378906
,178.5141,False,178.51409912109375
,174.71838,False,174.7183837890625
,182.38336,False,182.38336181640625
,181.49706,False,181.49705505371094
,171.55441,False,171.55441284179688
,179.35081,False,179.35081481933594
,178.3331,False,178.33309936523438
,174.01385,False,174.01385498046875
,182.16713,False,182.16712951660156
,181.09154,False,181.09153747558594
,171.1998,False,171.19979858398438
,178.92267,False,178.92266845703125
,177.97849,False,177.97848510742188
,171.1998,False,171.19979858398438
,178.92267,False,178.92266845703125
,177.97849,False,177.97848510742188
,167.43793,False,167.43792724609375
,174.61977,False,174.61976623535156
,173.60205,False,173.60205078125
,170.89792,False,170.89791870117188
,179.05121,False,179.05120849609375
,177.97562,False,177.97561645507812
,169.52415,False,169.52415466308594
,177.0659,False,177.06590270996094
,176.0653,False,176.0653076171875
,170.47992,False,170.47991943359375
,178.15099,False,178.15098571777344
,177.15039,False,177.150390625
,174.1696,False,174.1696014404297
,182.23082,False,182.23081970214844
,181.09882,False,181.09881591796875
,176.37785,False,176.3778533935547
,185.59503,False,185.59503173828125
,184.05534,False,184.0553436279297
,175.17427,False,175.1742706298828
,184.8459,False,184.8459014892578
,183.24802,False,183.24801635742188
,170.53647,False,170.53646850585938
,178.02034,False,178.0203399658203
,177.07762,False,177.07762145996094
,171.50725,False,171.5072479248047
,179.05847,False,179.0584716796875
,178.17772,False,178.17771911621094
,174.3104,False,174.31039428710938
,182.37161,False,182.37161254882812
,181.23961,False,181.23960876464844
,176.6328,False,176.63279724121094
,185.74518,False,185.74517822265625
,184.31029,False,184.31028747558594
,177.38649,False,177.38648986816406
,186.53046,False,186.53045654296875
,185.06398,False,185.06398010253906
,175.10321,False,175.10321044921875
,182.82607,False,182.82606506347656
,181.88188,False,181.8818817138672
,176.27797,False,176.27796936035156
,184.26155,False,184.2615509033203
,183.18596,False,183.1859588623047
,179.52284,False,179.52284240722656
,187.51392,False,187.513916015625
,186.68958,False,186.6895751953125
,180.53358,False,180.53358459472656
,189.93219,False,189.93218994140625
,188.4486,False,188.44859313964844
,179.63196,False,179.6319580078125
,189.08844,False,189.08843994140625
,187.54697,False,187.54696655273438
,174.01385,False,174.01385498046875
,182.16713,False,182.16712951660156
,181.09154,False,181.09153747558594
,176.07237,False,176.07237243652344
,184.05595,False,184.0559539794922
,182.98036,False,182.98036193847656
,178.18542,False,178.1854248046875
,186.824,False,186.82400512695312
,185.74841,False,185.7484130859375
,180.14656,False,180.1465606689453
,189.32893,False,189.3289337158203
,187.86017,False,187.86016845703125
,180.75359,False,180.7535858154297
,190.54845,False,190.54844665527344
,189.06485,False,189.06484985351562
,155.46265,False,155.462646484375
,161.06018,False,161.0601806640625
,157.48038,False,157.48037719726562
,166.69528,False,166.69528198242188
,171.64679,False,171.64678955078125
,171.251,False,171.25100708007812
,169.94768,False,169.9476776123047
,169.57458,False,169.5745849609375
,171.6167,False,171.61669921875
,171.47026,False,171.4702606201172
,171.26532,False,171.26531982421875
,170.05936,False,170.05935668945312
,175.544,False,175.54400634765625
,175.544,False,175.54400634765625
,175.544,False,175.54400634765625
,175.544,False,175.54400634765625
,175.544,False,175.54400634765625
,175.544,False,175.54400634765625
,175.544,False,175.54400634765625
,176.54012,False,176.5401153564453
,176.54012,False,176.5401153564453
,176.54012,False,176.5401153564453
,176.54012,False,176.5401153564453
,176.54012,False,176.5401153564453
,176.54012,False,176.5401153564453
,176.54012,False,176.5401153564453
,186.27332,False,186.2733154296875
,186.27332,False,186.2733154296875
,186.27332,False,186.2733154296875
,186.27332,False,186.2733154296875
,186.27332,False,186.2733154296875
,186.27332,False,186.2733154296875
,186.27332,False,186.2733154296875
,186.78728,False,186.7872772216797
,186.78728,False,186.7872772216797
,186.78728,False,186.7872772216797
,186.78728,False,186.7872772216797
,186.78728,False,186.7872772216797
,186.78728,False,186.7872772216797
,186.78728,False,186.7872772216797
,177.79776,False,177.79776000976562
,177.79776,False,177.79776000976562
,177.79776,False,177.79776000976562
,177.79776,False,177.79776000976562
,177.79776,False,177.79776000976562
,177.79776,False,177.79776000976562
,179.13461,False,179.13461303710938
,179.13461,False,179.13461303710938
,179.13461,False,179.13461303710938
,179.13461,False,179.13461303710938
,179.13461,False,179.13461303710938
,179.13461,False,179.13461303710938
,179.13461,False,179.13461303710938
,188.14236,False,188.14236450195312
,188.14236,False,188.14236450195312
,188.14236,False,188.14236450195312
,188.14236,False,188.14236450195312
,188.14236,False,188.14236450195312
,188.14236,False,188.14236450195312
,188.14236,False,188.14236450195312
,188.31807,False,188.3180694580078
,188.31807,False,188.3180694580078
,188.31807,False,188.3180694580078
,188.31807,False,188.3180694580078
,188.31807,False,188.3180694580078
,188.31807,False,188.3180694580078
,188.31807,False,188.3180694580078
,181.8086,False,181.80859375
,181.8086,False,181.80859375
,181.8086,False,181.80859375
,181.8086,False,181.80859375
,181.8086,False,181.80859375
,181.8086,False,181.80859375
,181.8086,False,181.80859375
,185.49387,False,185.49386596679688
,185.49387,False,185.49386596679688
,185.49387,False,185.49386596679688
,185.49387,False,185.49386596679688
,185.49387,False,185.49386596679688
,185.49387,False,185.49386596679688
,185.49387,False,185.49386596679688
,190.6689,False,190.6688995361328
,190.6689,False,190.6688995361328
,190.6689,False,190.6688995361328
,190.6689,False,190.6688995361328
,190.6689,False,190.6688995361328
,190.6689,False,190.6688995361328
,190.6689,False,190.6688995361328
,190.6689,False,190.6688995361328
,190.6689,False,190.6688995361328
,190.6689,False,190.6688995361328
,190.6689,False,190.6688995361328
,190.6689,False,190.6688995361328
,190.6689,False,190.6688995361328
,190.6689,False,190.6688995361328
,192.28189,False,192.28189086914062
,192.28189,False,192.28189086914062
,192.28189,False,192.28189086914062
,192.28189,False,192.28189086914062
,192.28189,False,192.28189086914062
,192.28189,False,192.28189086914062
,191.15926,False,191.1592559814453
,191.15926,False,191.1592559814453
,191.15926,False,191.1592559814453
,191.15926,False,191.1592559814453
,191.15926,False,191.1592559814453
,191.15926,False,191.1592559814453
,191.15926,False,191.1592559814453
,198.86401,False,198.864013671875
,198.86401,False,198.864013671875
,198.86401,False,198.864013671875
,198.86401,False,198.864013671875
,198.86401,False,198.864013671875
,198.86401,False,198.864013671875
,198.86401,False,198.864013671875
,198.89409,False,198.8940887451172
,198.89409,False,198.8940887451172
,198.89409,False,198.8940887451172
,198.89409,False,198.8940887451172
,198.89409,False,198.8940887451172
,198.89409,False,198.8940887451172
,198.89409,False,198.8940887451172
,173.74051,False,173.74050903320312
,181.7514,False,181.75140380859375
,181.7514,False,181.75140380859375
,181.7514,False,181.75140380859375
,174.22531,False,174.22531127929688
,181.9372,False,181.93719482421875
,181.9372,False,181.93719482421875
,181.9372,False,181.93719482421875
,173.9972,False,173.9971923828125
,181.65088,False,181.65087890625
,181.65088,False,181.65087890625
,181.65088,False,181.65087890625
,171.70767,False,171.70767211914062
,179.41922,False,179.41921997070312
,179.41922,False,179.41921997070312
,179.41922,False,179.41921997070312
,175.75864,False,175.75863647460938
,183.08754,False,183.08753967285156
,183.08754,False,183.08753967285156
,183.08754,False,183.08753967285156
,176.02296,False,176.02296447753906
,183.35187,False,183.35186767578125
,183.35187,False,183.35186767578125
,183.35187,False,183.35186767578125
,175.9587,False,175.9586944580078
,183.419,False,183.41900634765625
,183.419,False,183.41900634765625
,183.419,False,183.41900634765625
,175.70174,False,175.7017364501953
,183.46106,False,183.4610595703125
,183.46106,False,183.4610595703125
,183.46106,False,183.4610595703125
,182.83318,False,182.8331756591797
,190.3721,False,190.37210083007812
,190.3721,False,190.37210083007812
,190.3721,False,190.37210083007812
,179.8974,False,179.89739990234375
,187.59615,False,187.5961456298828
,187.59615,False,187.5961456298828
,187.59615,False,187.5961456298828
,169.15797,False,169.15797424316406
,176.69972,False,176.69972229003906
,175.69913,False,175.69912719726562
,169.71509,False,169.715087890625
,177.25684,False,177.2568359375
,176.25624,False,176.25624084472656
,170.26154,False,170.26153564453125
,177.7454,False,177.7454071044922
,176.80269,False,176.8026885986328
,170.63565,False,170.63565063476562
,177.92615,False,177.9261474609375
,177.1768,False,177.1768035888672
,172.56879,False,172.56878662109375
,179.74051,False,179.74050903320312
,179.10994,False,179.1099395751953
,167.51117,False,167.51116943359375
,175.18433,False,175.184326171875
,174.05232,False,174.0523223876953
,170.04219,False,170.0421905517578
,177.52606,False,177.52606201171875
,176.58334,False,176.58334350585938
,170.30159,False,170.3015899658203
,177.68034,False,177.6803436279297
,176.84274,False,176.84274291992188
,173.77205,False,173.7720489501953
,181.37506,False,181.37506103515625
,180.49431,False,180.4943084716797
,175.80081,False,175.80081176757812
,183.27242,False,183.2724151611328
,182.57948,False,182.57948303222656
,174.3319,False,174.33189392089844
,182.18616,False,182.1861572265625
,181.11057,False,181.11056518554688
,175.10626,False,175.10626220703125
,182.96053,False,182.9605255126953
,181.88493,False,181.8849334716797
,175.76689,False,175.7668914794922
,183.43187,False,183.43186950683594
,182.54556,False,182.54556274414062
,177.03581,False,177.0358123779297
,184.50742,False,184.50741577148438
,183.81448,False,183.81448364257812
,179.15514,False,179.15513610839844
,186.93839,False,186.93838500976562
,186.42168,False,186.4216766357422
,174.30377,False,174.30377197265625
,182.15804,False,182.1580352783203
,181.08244,False,181.0824432373047
,174.46059,False,174.46058654785156
,182.61386,False,182.61386108398438
,181.53827,False,181.53826904296875
,175.83871,False,175.83871459960938
,183.6351,False,183.63510131835938
,182.61739,False,182.6173858642578
,176.43633,False,176.4363250732422
,184.03934,False,184.03933715820312
,183.40385,False,183.4038543701172
,179.40659,False,179.40658569335938
,187.0096,False,187.0095977783203
,186.37411,False,186.37411499023438
,175.464,False,175.46400451660156
,181.49684,False,181.49684143066406
,180.09918,False,180.09918212890625
,183.60379,False,183.60379028320312
,187.15439,False,187.15438842773438
,187.71205,False,187.71205139160156
,187.71205,False,187.71205139160156
,181.25797,False,181.25796508789062
,181.27377,False,181.27377319335938
,182.15985,False,182.15985107421875
,182.84813,False,182.84812927246094
,187.00157,False,187.00157165527344
,188.52422,False,188.5242156982422
,186.9694,False,186.9694061279297
,187.91487,False,187.9148712158203
,184.79164,False,184.79164123535156
,189.2546,False,189.2545928955078
,194.21811,False,194.21810913085938
,193.57515,False,193.5751495361328
,205.24976,False,205.249755859375
,193.45724,False,193.45724487304688
,166.14401,False,166.14401245117188
,165.38208,False,165.382080078125
,166.87178,False,166.8717803955078
,165.97844,False,165.9784393310547
,174.42993,False,174.429931640625
,173.59448,False,173.594482421875
,173.72379,False,173.72378540039062
,172.99344,False,172.99343872070312
,167.48097,False,167.48097229003906
,167.92137,False,167.92137145996094
,189.32056,False,189.320556640625
,190.10562,False,190.10562133789062
,194.49619,False,194.49618530273438
,195.77386,False,195.77386474609375
,200.94373,False,200.9437255859375
,202.02927,False,202.02926635742188
,169.11322,False,169.11322021484375
,169.11322,False,169.11322021484375
,169.17157,False,169.17156982421875
,169.17157,False,169.17156982421875
,169.14713,False,169.14712524414062
,170.23227,False,170.23226928710938
,168.26746,False,168.2674560546875
,243.84813,False,243.84812927246094
,245.07979,False,245.0797882080078
,245.30338,False,245.30337524414062
,244.76183,False,244.76182556152344
,246.77583,False,246.7758331298828
,246.83229,False,246.83229064941406
,246.92543,False,246.92543029785156
,244.54773,False,244.5477294921875
,244.24063,False,244.24063110351562
,244.5715,False,244.57150268554688
,244.85187,False,244.85186767578125
,246.92543,False,246.92543029785156
,246.86057,False,246.86056518554688
,167.33057,False,167.33056640625
,175.73795,False,175.73794555664062
,170.55408,False,170.5540771484375
,178.8587,False,178.85870361328125
,171.26302,False,171.2630157470703
,180.24532,False,180.2453155517578
,168.91736,False,168.9173583984375
,177.36565,False,177.3656463623047
,175.37663,False,175.3766326904297
,184.93471,False,184.93470764160156
,184.6617,False,184.6616973876953
,195.5401,False,195.54010009765625
,168.83716,False,168.837158203125
,177.68172,False,177.6817169189453
,169.30946,False,169.30946350097656
,177.8997,False,177.8997039794922
,179.29692,False,179.2969207763672
,188.51595,False,188.5159454345703
,182.55305,False,182.5530548095703
,182.55305,False,182.5530548095703
,182.55305,False,182.5530548095703
,182.55305,False,182.5530548095703
,182.55305,False,182.5530548095703
,182.55305,False,182.5530548095703
,190.3502,False,190.35020446777344
,190.3502,False,190.35020446777344
,190.3502,False,190.35020446777344
,190.3502,False,190.35020446777344
,190.3502,False,190.35020446777344
,190.3502,False,190.35020446777344
,192.42581,False,192.42581176757812
,192.42581,False,192.42581176757812
,192.42581,False,192.42581176757812
,192.42581,False,192.42581176757812
,192.42581,False,192.42581176757812
,192.42581,False,192.42581176757812
,191.07047,False,191.07046508789062
,191.07047,False,191.07046508789062
,191.07047,False,191.07046508789062
,191.07047,False,191.07046508789062
,191.07047,False,191.07046508789062
,191.07047,False,191.07046508789062
,185.83623,False,185.8362274169922
,185.83623,False,185.8362274169922
,185.83623,False,185.8362274169922
,185.83623,False,185.8362274169922
,185.83623,False,185.8362274169922
,185.83623,False,185.8362274169922
,188.927,False,188.927001953125
,188.927,False,188.927001953125
,188.927,False,188.927001953125
,188.927,False,188.927001953125
,188.927,False,188.927001953125
,188.927,False,188.927001953125
,193.76581,False,193.76580810546875
,193.76581,False,193.76580810546875
,193.76581,False,193.76580810546875
,193.76581,False,193.76580810546875
,193.76581,False,193.76580810546875
,193.76581,False,193.76580810546875
,195.3771,False,195.37710571289062
,195.3771,False,195.37710571289062
,195.3771,False,195.37710571289062
,195.3771,False,195.37710571289062
,195.3771,False,195.37710571289062
,195.3771,False,195.37710571289062
,183.14215,False,183.14215087890625
,183.14215,False,183.14215087890625
,183.14215,False,183.14215087890625
,183.14215,False,183.14215087890625
,183.14215,False,183.14215087890625
,183.14215,False,183.14215087890625
,192.69858,False,192.69857788085938
,192.69858,False,192.69857788085938
,192.69858,False,192.69857788085938
,192.69858,False,192.69857788085938
,192.69858,False,192.69857788085938
,192.69858,False,192.69857788085938
,188.10141,False,188.10140991210938
,188.10141,False,188.10140991210938
,188.10141,False,188.10140991210938
,188.10141,False,188.10140991210938
,188.10141,False,188.10140991210938
,188.10141,False,188.10140991210938
,189.3208,False,189.32080078125
,189.3208,False,189.32080078125
,189.3208,False,189.32080078125
,189.3208,False,189.32080078125
,189.3208,False,189.32080078125
,189.3208,False,189.32080078125
,192.43373,False,192.43373107910156
,192.43373,False,192.43373107910156
,192.43373,False,192.43373107910156
,192.43373,False,192.43373107910156
,192.43373,False,192.43373107910156
,192.43373,False,192.43373107910156
,194.81296,False,194.81295776367188
,194.81296,False,194.81295776367188
,194.81296,False,194.81295776367188
,194.81296,False,194.81295776367188
,194.81296,False,194.81295776367188
,194.81296,False,194.81295776367188
,195.78793,False,195.78793334960938
,195.78793,False,195.78793334960938
,195.78793,False,195.78793334960938
,195.78793,False,195.78793334960938
,195.78793,False,195.78793334960938
,195.78793,False,195.78793334960938
,191.9231,False,191.923095703125
,191.9231,False,191.923095703125
,191.9231,False,191.923095703125
,191.9231,False,191.923095703125
,191.9231,False,191.923095703125
,191.9231,False,191.923095703125
,197.5615,False,197.56149291992188
,197.24916,False,197.24916076660156
,190.63727,False,190.63726806640625
,192.60379,False,192.60379028320312
,174.88393,False,174.88392639160156
,190.0452,False,190.04519653320312
,188.8018,False,188.8018035888672
,186.39198,False,186.39198303222656
,188.24153,False,188.2415313720703
,188.50386,False,188.5038604736328
,170.8752,False,170.8751983642578
,182.63165,False,182.63165283203125
,182.80716,False,182.80715942382812
,193.91093,False,193.9109344482422
,196.0123,False,196.01229858398438
,199.14174,False,199.14173889160156
,197.80719,False,197.80718994140625
,180.12155,False,180.12155151367188
,179.25186,False,179.25186157226562
,207.80042,False,207.8004150390625
,199.06862,False,199.06861877441406
,256.93436,False,256.9343566894531
,216.52615,False,216.52615356445312
,268.9772,False,268.9772033691406
,217.42639,False,217.4263916015625
,263.56686,False,263.5668640136719
,216.7816,False,216.78160095214844
,269.40207,False,269.4020690917969
,217.0897,False,217.08970642089844
,269.57602,False,269.5760192871094
,217.26364,False,217.26364135742188
,318.36557,False,318.3655700683594
,224.52307,False,224.5230712890625
257.0,256.12543,True,257.0
227.0,226.67198,True,227.0
224.0,225.36317,True,224.0
226.0,225.31578,True,226.0
234.0,213.16551,True,234.0
217.0,221.29604,True,217.0
213.0,209.91197,True,213.0
209.0,204.61513,True,209.0
259.0,253.71269,True,259.0
239.0,237.76242,True,239.0
223.0,228.97327,True,223.0
230.0,229.88191,True,230.0
252.0,239.46782,True,252.0
241.0,239.47255,True,241.0
231.0,234.82607,True,231.0
229.0,226.84068,True,229.0
,200.79083,False,200.79083251953125
,199.87177,False,199.87176513671875
,199.68178,False,199.68177795410156
,201.84456,False,201.8445587158203
,199.87177,False,199.87176513671875
,199.68178,False,199.68177795410156
,200.27536,False,200.27536010742188
,198.82974,False,198.82974243164062
,198.79797,False,198.7979736328125
,204.65825,False,204.6582489013672
,199.68178,False,199.68177795410156
,199.32799,False,199.32798767089844
180.0,178.76913,True,180.0
174.0,177.41098,True,174.0
220.0,180.53644,True,220.0
184.0,179.4112,True,184.0
193.0,189.36847,True,193.0
180.0,182.81917,True,180.0
213.0,205.78467,True,213.0
189.0,195.55827,True,189.0
189.0,199.63658,True,189.0
213.0,202.72458,True,213.0
181.0,187.05878,True,181.0
174.0,186.29286,True,174.0
183.0,186.9349,True,183.0
,186.65347,False,186.65347290039062
184.0,187.18605,True,184.0
,186.08757,False,186.0875701904297
194.0,190.47632,True,194.0
,192.57681,False,192.57681274414062
180.0,184.67436,True,180.0
,185.38918,False,185.38917541503906
216.0,211.30777,True,216.0
,208.16374,False,208.1637420654297
191.0,190.6884,True,191.0
,191.82176,False,191.82176208496094
164.0,164.2981,True,164.0
154.0,161.89943,True,154.0
265.0,220.40923,True,265.0
224.0,220.41866,True,224.0
226.0,224.07208,True,226.0
225.0,223.98952,True,225.0
193.0,195.0097,True,193.0
196.0,194.4601,True,196.0
202.0,215.39964,True,202.0
225.0,217.9669,True,225.0
193.0,190.59312,True,193.0
197.0,194.18474,True,197.0
172.0,178.5091,True,172.0
189.0,182.28748,True,189.0
141.56143665484043,140.99634,True,141.56143665484043
,140.99634,False,140.996337890625
,140.99634,False,140.996337890625
,140.99634,False,140.996337890625
,140.99634,False,140.996337890625
138.87356127531814,141.94417,True,138.87356127531814
,141.94417,False,141.9441680908203
,141.94417,False,141.9441680908203
,141.94417,False,141.9441680908203
,141.94417,False,141.9441680908203
137.0816443556366,138.07423,True,137.0816443556366
,138.07423,False,138.07423400878906
,138.07423,False,138.07423400878906
,138.07423,False,138.07423400878906
,138.07423,False,138.07423400878906
144.2493120343627,144.4832,True,144.2493120343627
,144.4832,False,144.4832000732422
,144.4832,False,144.4832000732422
,144.4832,False,144.4832000732422
,144.4832,False,144.4832000732422
150.52102125324805,148.24808,True,150.52102125324805
,148.24808,False,148.24807739257812
,148.24808,False,148.24807739257812
,148.24808,False,148.24807739257812
,148.24808,False,148.24807739257812
181.8795673476747,178.36919,True,181.8795673476747
,178.36919,False,178.3691864013672
,178.36919,False,178.3691864013672
,178.36919,False,178.3691864013672
,178.36919,False,178.3691864013672
140.66547819499965,140.91724,True,140.66547819499965
,140.91724,False,140.917236328125
,140.91724,False,140.917236328125
,140.91724,False,140.917236328125
,140.91724,False,140.917236328125
155.89677201229262,158.17357,True,155.89677201229262
,158.17357,False,158.17356872558594
,158.17357,False,158.17356872558594
,158.17357,False,158.17356872558594
,158.17357,False,158.17356872558594
129.01801821706977,150.3607,True,129.01801821706977
,150.3607,False,150.36070251464844
,150.3607,False,150.36070251464844
,150.3607,False,150.36070251464844
,150.3607,False,150.36070251464844
129.01801821706977,130.63399,True,129.01801821706977
,130.63399,False,130.6339874267578
,130.63399,False,130.6339874267578
,130.63399,False,130.6339874267578
,130.63399,False,130.6339874267578
128.12205975722898,131.62868,True,128.12205975722898
,131.62868,False,131.62867736816406
,131.62868,False,131.62867736816406
,131.62868,False,131.62867736816406
,131.62868,False,131.62867736816406
137.97760281547738,139.34415,True,137.97760281547738
,139.34415,False,139.34414672851562
,139.34415,False,139.34414672851562
,139.34415,False,139.34414672851562
,139.34415,False,139.34414672851562
137.97760281547738,141.99521,True,137.97760281547738
,141.99521,False,141.99520874023438
,141.99521,False,141.99520874023438
,141.99521,False,141.99520874023438
,141.99521,False,141.99520874023438
152.31293817292956,155.02167,True,152.31293817292956
,155.02167,False,155.02166748046875
,155.02167,False,155.02166748046875
,155.02167,False,155.02166748046875
,155.02167,False,155.02166748046875
140.66547819499965,140.50703,True,140.66547819499965
,140.50703,False,140.5070343017578
,140.50703,False,140.5070343017578
,140.50703,False,140.5070343017578
,140.50703,False,140.5070343017578
181.8795673476747,183.3965,True,181.8795673476747
,183.3965,False,183.39649963378906
,183.3965,False,183.39649963378906
,183.3965,False,183.39649963378906
,195.12167,False,195.12167358398438
,209.46011,False,209.46011352539062
,199.80177,False,199.80177307128906
,191.81279,False,191.8127899169922
,206.01666,False,206.01666259765625
,192.68657,False,192.6865692138672
,180.00444,False,180.0044403076172
,187.67525,False,187.6752471923828
,187.20764,False,187.2076416015625
,171.31902,False,171.3190155029297
,183.24225,False,183.24224853515625
,182.08139,False,182.08139038085938
,170.31854,False,170.31854248046875
,176.82886,False,176.828857421875
,169.86682,False,169.8668212890625
,176.10735,False,176.1073455810547
,179.16743,False,179.1674346923828
,185.78615,False,185.78614807128906
,179.43483,False,179.43482971191406
,186.13496,False,186.1349639892578
,168.80803,False,168.8080291748047
,175.24564,False,175.24563598632812
,168.735,False,168.73500061035156
,174.97552,False,174.97552490234375
,178.92087,False,178.92086791992188
,185.3425,False,185.34249877929688
,179.0421,False,179.04209899902344
,185.46373,False,185.46372985839844
,162.34662,False,162.34661865234375
,168.54716,False,168.5471649169922
,162.61386,False,162.61386108398438
,168.54462,False,168.54461669921875
,177.77058,False,177.7705841064453
,184.497,False,184.4969940185547
,175.43008,False,175.43008422851562
,182.15651,False,182.15650939941406
,161.71434,False,161.71434020996094
,166.71889,False,166.71888732910156
,162.26007,False,162.26007080078125
,167.26463,False,167.26463317871094
,171.46495,False,171.46495056152344
,176.46951,False,176.46951293945312
,171.76347,False,171.7634735107422
,177.41913,False,177.41912841796875
,166.28816,False,166.2881622314453
,165.91078,False,165.91078186035156
,166.36702,False,166.3670196533203
,163.75009,False,163.75009155273438
,161.63591,False,161.6359100341797
,160.2348,False,160.23480224609375
,160.29974,False,160.29974365234375
,164.3833,False,164.38330078125
,159.66948,False,159.6694793701172
,158.01535,False,158.01535034179688
,166.84758,False,166.8475799560547
,163.47838,False,163.47837829589844
,161.77866,False,161.77865600585938
,161.75409,False,161.75408935546875
,159.9311,False,159.9311065673828
,159.32825,False,159.3282470703125
,174.28972,False,174.2897186279297
,174.17485,False,174.1748504638672
,183.78752,False,183.7875213623047
,183.69731,False,183.6973114013672
,172.99419,False,172.9941864013672
,174.73671,False,174.73670959472656
,183.78752,False,183.7875213623047
,183.69731,False,183.6973114013672
,174.77559,False,174.7755889892578
,176.96516,False,176.9651641845703
,185.27039,False,185.2703857421875
,185.46373,False,185.46372985839844
,168.15768,False,168.15768432617188
,175.44167,False,175.44166564941406
,184.41435,False,184.4143524169922
,184.95432,False,184.95431518554688
,204.51991,False,204.51991271972656
,204.51991,False,204.51991271972656
,200.35995,False,200.35995483398438
,200.35995,False,200.35995483398438
,211.3057,False,211.30569458007812
,211.3057,False,211.30569458007812
,209.33987,False,209.33987426757812
,209.33987,False,209.33987426757812
,188.2213,False,188.22129821777344
,188.2213,False,188.22129821777344
,190.267,False,190.26699829101562
,190.267,False,190.26699829101562
,188.9706,False,188.97059631347656
,188.9706,False,188.97059631347656
,189.13483,False,189.13482666015625
,189.13483,False,189.13482666015625
,200.5093,False,200.50929260253906
,200.5093,False,200.50929260253906
,200.62292,False,200.6229248046875
,200.62292,False,200.6229248046875
,202.46477,False,202.4647674560547
,202.46477,False,202.4647674560547
,202.48741,False,202.48741149902344
,202.48741,False,202.48741149902344
,206.75829,False,206.75828552246094
,206.75829,False,206.75828552246094
,193.72305,False,193.72305297851562
,195.162,False,195.16200256347656
,194.40353,False,194.40353393554688
,195.97614,False,195.97613525390625
,194.50458,False,194.50457763671875
,195.3636,False,195.3636016845703
,190.59505,False,190.5950469970703
,191.76112,False,191.76112365722656
,193.01912,False,193.0191192626953
,193.78938,False,193.7893829345703
,192.71951,False,192.71951293945312
,193.14078,False,193.14077758789062
,184.30583,False,184.3058319091797
,184.6634,False,184.6634063720703
,195.23755,False,195.237548828125
,195.88565,False,195.88565063476562
,196.59148,False,196.5914764404297
,197.01273,False,197.01272583007812
,191.74936,False,191.74935913085938
,192.10693,False,192.10693359375
,199.49371,False,199.49371337890625
,200.26398,False,200.26397705078125
,196.83246,False,196.83245849609375
,197.25371,False,197.2537078857422
,194.45827,False,194.45826721191406
,194.10103,False,194.1010284423828
,194.10103,False,194.1010284423828
,207.52687,False,207.52687072753906
,204.21928,False,204.2192840576172
,204.21928,False,204.2192840576172
,206.43004,False,206.43003845214844
,204.23451,False,204.23451232910156
,203.62024,False,203.6202392578125
,201.97934,False,201.97933959960938
,188.99397,False,188.9939727783203
,199.62526,False,199.62525939941406
,195.1155,False,195.11549377441406
,182.91501,False,182.91500854492188
,203.90695,False,203.90695190429688
,206.22873,False,206.22872924804688
459.0,440.5846,True,459.0
405.0,411.25513,True,405.0
451.0,452.382,True,451.0
432.0,404.75293,True,432.0
264.0,249.00569,True,264.0
241.0,239.64392,True,241.0
251.0,244.58676,True,251.0
225.0,235.22499,True,225.0
233.0,234.65248,True,233.0
208.0,225.39911,True,208.0
373.0,366.3983,True,373.0
224.0,225.11919,True,224.0
210.0,217.45369,True,210.0
212.0,214.78137,True,212.0
202.0,207.11588,True,202.0
204.0,204.31029,True,204.0
201.0,197.17181,True,201.0
398.0,397.25922,True,398.0
249.0,245.76044,True,249.0
226.0,228.21455,True,226.0
234.0,238.15518,True,234.0
219.0,220.6093,True,219.0
224.0,228.69392,True,224.0
212.0,211.38374,True,212.0
467.0,461.83328,True,467.0
277.0,277.95642,True,277.0
254.0,253.515,True,254.0
263.0,263.6768,True,263.0
237.0,239.23534,True,237.0
249.0,251.86656,True,249.0
226.0,227.53362,True,226.0
362.0,376.1619,True,362.0
291.0,278.89053,True,291.0
262.0,263.21072,True,262.0
266.0,265.87033,True,266.0
253.0,252.48802,True,253.0
257.0,259.19708,True,257.0
246.0,246.0506,True,246.0
282.9481941095814,282.2789,True,282.9481941095814
,282.2789,False,282.2789001464844
,282.2789,False,282.2789001464844
,282.2789,False,282.2789001464844
288.30706142226285,281.0065,True,288.30706142226285
,281.0065,False,281.0065002441406
,281.0065,False,281.0065002441406
,281.0065,False,281.0065002441406
249.7232167709563,248.40471,True,249.7232167709563
,248.40471,False,248.4047088623047
,248.40471,False,248.4047088623047
,248.40471,False,248.4047088623047
242.22080253320223,248.39148,True,242.22080253320223
,248.39148,False,248.3914794921875
,248.39148,False,248.3914794921875
,248.39148,False,248.3914794921875
,238.05641,False,238.05641174316406
,238.05641,False,238.05641174316406
,238.73746,False,238.73745727539062
,238.73746,False,238.73745727539062
,238.76541,False,238.76541137695312
,238.76541,False,238.76541137695312
,245.73134,False,245.73133850097656
,245.73134,False,245.73133850097656
,238.90738,False,238.90737915039062
,238.90738,False,238.90737915039062
,242.54404,False,242.54403686523438
,242.54404,False,242.54403686523438
,237.97342,False,237.97341918945312
,237.97342,False,237.97341918945312
,237.97342,False,237.97341918945312
,237.97342,False,237.97341918945312
,237.97342,False,237.97341918945312
,237.97342,False,237.97341918945312
,241.32785,False,241.32785034179688
,241.32785,False,241.32785034179688
,241.32785,False,241.32785034179688
,241.32785,False,241.32785034179688
,241.32785,False,241.32785034179688
,236.58986,False,236.58985900878906
,236.58986,False,236.58985900878906
,236.58986,False,236.58985900878906
,236.58986,False,236.58985900878906
,236.58986,False,236.58985900878906
,236.58986,False,236.58985900878906
,219.91295,False,219.91294860839844
,219.91295,False,219.91294860839844
,219.91295,False,219.91294860839844
,219.91295,False,219.91294860839844
,219.91295,False,219.91294860839844
,219.91295,False,219.91294860839844
,233.16956,False,233.1695556640625
,233.16956,False,233.1695556640625
,233.16956,False,233.1695556640625
,233.16956,False,233.1695556640625
,233.16956,False,233.1695556640625
,233.16956,False,233.1695556640625
,233.16956,False,233.1695556640625
,232.41277,False,232.4127655029297
,234.44417,False,234.4441680908203
,234.44417,False,234.4441680908203
,234.44417,False,234.4441680908203
,234.44417,False,234.4441680908203
,234.44417,False,234.4441680908203
,234.44417,False,234.4441680908203
,233.68738,False,233.6873779296875
,234.58891,False,234.5889129638672
,234.58891,False,234.5889129638672
,234.58891,False,234.5889129638672
,234.58891,False,234.5889129638672
,234.58891,False,234.5889129638672
,234.58891,False,234.5889129638672
,233.83212,False,233.83212280273438
,236.9809,False,236.98089599609375
,234.17259,False,234.17259216308594
,234.82379,False,234.82379150390625
,231.69055,False,231.6905517578125
,234.46532,False,234.46531677246094
,232.73196,False,232.73196411132812
,235.59615,False,235.5961456298828
,233.51819,False,233.5181884765625
,181.97977,False,181.97976684570312
,181.97977,False,181.97976684570312
,181.97977,False,181.97976684570312
,181.97977,False,181.97976684570312
,181.97977,False,181.97976684570312
,181.97977,False,181.97976684570312
,219.88531,False,219.88531494140625
,219.88531,False,219.88531494140625
,219.88531,False,219.88531494140625
,219.88531,False,219.88531494140625
,219.88531,False,219.88531494140625
,219.88531,False,219.88531494140625
,164.44868,False,164.4486846923828
,164.44868,False,164.4486846923828
,164.44868,False,164.4486846923828
,164.44868,False,164.4486846923828
,164.44868,False,164.4486846923828
,164.44868,False,164.4486846923828
,226.14929,False,226.1492919921875
,229.12367,False,229.12367248535156
,217.81456,False,217.81455993652344
,229.02695,False,229.02694702148438
,211.59114,False,211.5911407470703
,211.59114,False,211.5911407470703
,211.59114,False,211.5911407470703
,211.59114,False,211.5911407470703
,211.59114,False,211.5911407470703
,211.59114,False,211.5911407470703
,211.59114,False,211.5911407470703
,211.59114,False,211.5911407470703
,211.59114,False,211.5911407470703
,211.59114,False,211.5911407470703
,211.59114,False,211.5911407470703
,211.59114,False,211.5911407470703
,217.96457,False,217.96456909179688
,217.96457,False,217.96456909179688
,217.96457,False,217.96456909179688
,217.96457,False,217.96456909179688
,217.96457,False,217.96456909179688
,217.96457,False,217.96456909179688
,217.96457,False,217.96456909179688
,217.96457,False,217.96456909179688
,217.96457,False,217.96456909179688
,208.332,False,208.33200073242188
,208.332,False,208.33200073242188
,208.332,False,208.33200073242188
,208.332,False,208.33200073242188
,208.332,False,208.33200073242188
,208.332,False,208.33200073242188
,208.332,False,208.33200073242188
,208.332,False,208.33200073242188
,219.41608,False,219.41607666015625
,219.41608,False,219.41607666015625
,219.41608,False,219.41607666015625
,219.41608,False,219.41607666015625
,219.41608,False,219.41607666015625
,219.41608,False,219.41607666015625
,219.41608,False,219.41607666015625
,219.41608,False,219.41607666015625
,219.41608,False,219.41607666015625
,219.41608,False,219.41607666015625
,214.31844,False,214.3184356689453
,214.31844,False,214.3184356689453
,214.31844,False,214.3184356689453
,214.31844,False,214.3184356689453
,214.31844,False,214.3184356689453
,214.31844,False,214.3184356689453
,214.31844,False,214.3184356689453
,214.31844,False,214.3184356689453
,214.31844,False,214.3184356689453
,214.31844,False,214.3184356689453
,218.89474,False,218.89474487304688
,218.89474,False,218.89474487304688
,218.89474,False,218.89474487304688
,218.89474,False,218.89474487304688
,218.89474,False,218.89474487304688
,218.89474,False,218.89474487304688
,218.89474,False,218.89474487304688
,218.89474,False,218.89474487304688
,218.89474,False,218.89474487304688
,218.89474,False,218.89474487304688
,218.89474,False,218.89474487304688
,222.39215,False,222.39215087890625
,222.39215,False,222.39215087890625
,222.39215,False,222.39215087890625
,222.39215,False,222.39215087890625
,222.39215,False,222.39215087890625
,222.39215,False,222.39215087890625
,222.39215,False,222.39215087890625
,222.39215,False,222.39215087890625
,222.39215,False,222.39215087890625
,222.39215,False,222.39215087890625
,325.0173,False,325.0173034667969
,222.59064,False,222.59063720703125
,222.73166,False,222.73165893554688
,223.23596,False,223.2359619140625
,226.54669,False,226.54669189453125
,234.55759,False,234.55758666992188
231.0,236.30707,True,231.0
230.0,231.43826,True,230.0
241.0,232.69254,True,241.0
222.0,228.42433,True,222.0
205.0,212.11275,True,205.0
253.0,232.01897,True,253.0
220.0,219.90408,True,220.0
220.0,218.9962,True,220.0
230.0,231.41327,True,230.0
220.0,219.6379,True,220.0
219.0,215.73544,True,219.0
226.0,231.47359,True,226.0
230.0,236.24135,True,230.0
182.0,187.06386,True,182.0
199.0,199.21251,True,199.0
217.0,211.5347,True,217.0
226.0,219.79501,True,226.0
226.0,222.84094,True,226.0
239.0,235.55203,True,239.0
240.0,240.30869,True,240.0
241.0,241.9927,True,241.0
231.0,237.86057,True,231.0
244.0,240.92175,True,244.0
247.0,239.9545,True,247.0
253.0,248.45607,True,253.0
247.0,248.17572,True,247.0
222.0,220.5782,True,222.0
240.0,231.76405,True,240.0
227.0,220.61676,True,227.0
233.0,234.6275,True,233.0
212.0,220.81984,True,212.0
209.0,220.79813,True,209.0
,219.28781,False,219.28781127929688
,219.28781,False,219.28781127929688
,219.28781,False,219.28781127929688
,219.28781,False,219.28781127929688
,219.28781,False,219.28781127929688
,219.28781,False,219.28781127929688
,219.28781,False,219.28781127929688
,219.28781,False,219.28781127929688
,219.28781,False,219.28781127929688
,219.28781,False,219.28781127929688
,219.28781,False,219.28781127929688
,219.28781,False,219.28781127929688
,219.28781,False,219.28781127929688
,219.28781,False,219.28781127929688
,219.28781,False,219.28781127929688
,219.28781,False,219.28781127929688
,219.28781,False,219.28781127929688
,219.28781,False,219.28781127929688
,219.28781,False,219.28781127929688
,219.28781,False,219.28781127929688
,220.7452,False,220.7451934814453
,220.7452,False,220.7451934814453
,191.25244,False,191.25244140625
,191.25244,False,191.25244140625
,190.47652,False,190.4765167236328
,190.47652,False,190.4765167236328
,189.65782,False,189.65782165527344
,189.65782,False,189.65782165527344
,179.5238,False,179.5238037109375
,179.5238,False,179.5238037109375
,196.79553,False,196.7955322265625
,196.79553,False,196.7955322265625
,196.80794,False,196.8079376220703
,196.80794,False,196.8079376220703
,197.03682,False,197.0368194580078
,197.03682,False,197.0368194580078
,181.3859,False,181.38589477539062
,181.3859,False,181.38589477539062
,198.59206,False,198.59205627441406
,198.59206,False,198.59205627441406
,191.80339,False,191.8033905029297
,191.80339,False,191.8033905029297
,189.34595,False,189.345947265625
,189.34595,False,189.345947265625
,191.25722,False,191.25721740722656
,191.25722,False,191.25721740722656
,190.89462,False,190.89462280273438
,190.89462,False,190.89462280273438
,180.43661,False,180.43661499023438
,179.37038,False,179.37037658691406
,187.13411,False,187.1341094970703
,189.85355,False,189.85354614257812
,190.83081,False,190.830810546875
,190.83081,False,190.830810546875
,199.8309,False,199.83090209960938
,199.8309,False,199.83090209960938
,199.11597,False,199.115966796875
,199.11597,False,199.115966796875
,193.13512,False,193.13511657714844
,193.13512,False,193.13511657714844
,202.42587,False,202.42587280273438
,202.42587,False,202.42587280273438
,200.29427,False,200.2942657470703
,200.29427,False,200.2942657470703
,196.3953,False,196.39529418945312
,196.3953,False,196.39529418945312
,202.22937,False,202.2293701171875
,202.22937,False,202.2293701171875
,199.11217,False,199.11216735839844
,199.11217,False,199.11216735839844
,197.51712,False,197.51712036132812
,197.51712,False,197.51712036132812
,169.20807,False,169.20806884765625
,169.20807,False,169.20806884765625
,169.20807,False,169.20806884765625
,166.34138,False,166.3413848876953
,166.34138,False,166.3413848876953
,166.34138,False,166.3413848876953
,164.51477,False,164.5147705078125
,164.51477,False,164.5147705078125
,164.51477,False,164.5147705078125
,166.26202,False,166.26202392578125
,166.26202,False,166.26202392578125
,166.26202,False,166.26202392578125
,169.61592,False,169.6159210205078
,169.61592,False,169.6159210205078
,169.61592,False,169.6159210205078
,176.80302,False,176.8030242919922
,176.80302,False,176.8030242919922
,176.80302,False,176.8030242919922
,175.69939,False,175.6993865966797
,175.69939,False,175.6993865966797
,175.69939,False,175.6993865966797
,207.59573,False,207.59573364257812
,207.59573,False,207.59573364257812
,207.59573,False,207.59573364257812
,207.56999,False,207.5699920654297
,207.56999,False,207.5699920654297
,207.56999,False,207.5699920654297
,210.19391,False,210.19390869140625
,210.19391,False,210.19390869140625
,210.19391,False,210.19390869140625
,164.11044,False,164.11044311523438
,164.11044,False,164.11044311523438
,164.11044,False,164.11044311523438
,165.61559,False,165.61558532714844
,165.61559,False,165.61558532714844
,165.61559,False,165.61558532714844
,166.67151,False,166.6715087890625
,166.67151,False,166.6715087890625
,166.67151,False,166.6715087890625
,169.52415,False,169.52415466308594
,169.52415,False,169.52415466308594
,169.52415,False,169.52415466308594
,165.78487,False,165.7848663330078
,165.78487,False,165.7848663330078
,165.78487,False,165.7848663330078
,165.11559,False,165.11558532714844
,165.11559,False,165.11558532714844
,165.11559,False,165.11558532714844
,168.20491,False,168.2049102783203
,168.20491,False,168.2049102783203
,168.20491,False,168.2049102783203
,170.74022,False,170.74021911621094
,170.74022,False,170.74021911621094
,170.74022,False,170.74021911621094
,176.47066,False,176.4706573486328
,176.47066,False,176.4706573486328
,176.47066,False,176.4706573486328
,176.00574,False,176.0057373046875
,176.00574,False,176.0057373046875
,176.00574,False,176.0057373046875
,208.04208,False,208.04208374023438
,208.04208,False,208.04208374023438
,208.04208,False,208.04208374023438
,208.78297,False,208.78297424316406
,208.78297,False,208.78297424316406
,208.78297,False,208.78297424316406
,209.96603,False,209.96603393554688
,209.96603,False,209.96603393554688
,209.96603,False,209.96603393554688
,163.61414,False,163.6141357421875
,163.61414,False,163.6141357421875
,163.61414,False,163.6141357421875
,165.54918,False,165.54917907714844
,165.54918,False,165.54917907714844
,165.54918,False,165.54917907714844
,168.57957,False,168.57957458496094
,168.57957,False,168.57957458496094
,168.57957,False,168.57957458496094
,170.89485,False,170.8948516845703
,170.89485,False,170.8948516845703
,170.89485,False,170.8948516845703
,174.4785,False,174.47850036621094
,174.4785,False,174.47850036621094
,174.4785,False,174.47850036621094
,170.8403,False,170.84030151367188
,170.8403,False,170.84030151367188
,170.8403,False,170.84030151367188
,168.89212,False,168.89212036132812
,168.89212,False,168.89212036132812
,168.89212,False,168.89212036132812
,175.4157,False,175.4156951904297
,175.4157,False,175.4156951904297
,175.4157,False,175.4156951904297
,176.92238,False,176.92237854003906
,176.92238,False,176.92237854003906
,176.92238,False,176.92237854003906
,176.75955,False,176.75955200195312
,176.75955,False,176.75955200195312
,176.75955,False,176.75955200195312
,211.7959,False,211.7958984375
,211.7959,False,211.7958984375
,211.7959,False,211.7958984375
,212.76115,False,212.7611541748047
,212.76115,False,212.7611541748047
,212.76115,False,212.7611541748047
,212.26268,False,212.26268005371094
,212.26268,False,212.26268005371094
,212.26268,False,212.26268005371094
,165.71574,False,165.7157440185547
,165.71574,False,165.7157440185547
,165.71574,False,165.7157440185547
,166.66551,False,166.66551208496094
,166.66551,False,166.66551208496094
,166.66551,False,166.66551208496094
,165.61711,False,165.6171112060547
,165.61711,False,165.6171112060547
,165.61711,False,165.6171112060547
,174.85173,False,174.8517303466797
,174.85173,False,174.8517303466797
,174.85173,False,174.8517303466797
,168.788,False,168.78799438476562
,168.788,False,168.78799438476562
,168.788,False,168.78799438476562
,174.62006,False,174.62005615234375
,174.62006,False,174.62005615234375
,174.62006,False,174.62005615234375
,172.80873,False,172.80873107910156
,172.80873,False,172.80873107910156
,172.80873,False,172.80873107910156
,171.8383,False,171.8383026123047
,171.8383,False,171.8383026123047
,171.8383,False,171.8383026123047
,177.87027,False,177.87026977539062
,177.87027,False,177.87026977539062
,177.87027,False,177.87026977539062
,175.43936,False,175.43936157226562
,175.43936,False,175.43936157226562
,175.43936,False,175.43936157226562
,209.78163,False,209.78163146972656
,209.78163,False,209.78163146972656
,209.78163,False,209.78163146972656
,210.86638,False,210.8663787841797
,210.86638,False,210.8663787841797
,210.86638,False,210.8663787841797
,210.37297,False,210.3729705810547
,210.37297,False,210.3729705810547
,210.37297,False,210.3729705810547
,170.82733,False,170.82733154296875
,170.82733,False,170.82733154296875
,170.82733,False,170.82733154296875
,165.88907,False,165.88906860351562
,165.88907,False,165.88906860351562
,165.88907,False,165.88906860351562
,166.42311,False,166.42311096191406
,166.42311,False,166.42311096191406
,166.42311,False,166.42311096191406
,241.79689,False,241.79689025878906
,243.3275,False,243.32749938964844
,246.76851,False,246.7685089111328
,252.40698,False,252.406982421875
,234.12097,False,234.1209716796875
,238.44362,False,238.44361877441406
,230.1843,False,230.18429565429688
,237.90941,False,237.90940856933594
,228.90979,False,228.9097900390625
