PC1,PC2,PC3,PC4,PC5,PC6,PC7,PC8,Hardness_kg_mm2
0.5669061460900817,-2.7736963952258455,-3.2596178787491406,-4.03810530452992,2.3699063480732554,1.2490181219890835,0.20654673308179153,-0.547618188170123,0.524168109969369
0.7298412152841762,-2.890541364875246,-3.248529369081636,-3.806666227496119,2.107063041709996,1.0284304540776519,0.23483886819959637,-0.6151096082740478,0.025545455867949
0.8474160203454209,-3.1459698598032606,-3.5066050777704296,-4.137610018028724,2.1354571055195826,1.123192063761912,0.4888799940670666,-0.6021564567663781,-0.0243168095421929
0.9052560028605436,-3.237269672568759,-3.5689062350110334,-4.210270509653823,2.061484399586298,1.1351416880866603,0.5195004093399541,-0.5069306481805321,0.008924700731235
0.6843454288414446,-2.7690205609495075,-2.561766820702321,-3.453282322521953,1.9132637526750764,0.6180640096870508,0.09480325166123818,-0.5747584557596512,0.141890741824947
0.790900918830028,-2.9188973391142325,-2.7411817070775757,-3.4994629330418974,1.7909395605447838,0.5742996815162971,0.25177013281558963,-0.5582092005446952,-0.1406620954991909
0.9348116503460449,-3.0720168788791664,-2.7266831276973447,-3.388865871344902,1.451673430630725,0.46041584471510394,0.4593829995313305,-0.4800598719347359,-0.2071451160460469
1.034722774329312,-3.2983976282278973,-2.8856159111407353,-3.7418596014636476,1.684180119483058,0.4390142122767392,0.5032630429769777,-0.40696073771021274,-0.2736281365929029
0.4004329408303601,-2.413929709680877,-2.894385641520437,-3.4263482477553793,2.153851846822284,0.733264437182163,-0.4229258127660229,-0.06175891726956022,0.557409620242797
0.5493086174132055,-2.573818571301949,-3.0159853166247155,-3.402036818884911,1.9607405682812256,0.6365465383336506,-0.42871375640286474,0.09272911881932573,0.224994517508517
0.6602135652668665,-2.831375411889407,-3.2478438722053724,-3.7413281409430432,1.9772583771905838,0.7657325933578032,-0.22938829844029296,0.1449293775419469,-0.0409375646789069
0.7375158281916548,-2.8918294543938523,-3.2510725846378046,-3.658475810244936,1.8215181280720403,0.6547257913915455,-0.20523495751344614,0.23182684015335736,0.075407721278091
0.38538901652348057,-2.206542451277531,-2.092817721398386,-2.5807324878189126,1.610175840936083,-0.3337120470061093,-1.0224389909151046,0.5294911122521375,0.441064334285799
0.5222808317043355,-2.4061463554122033,-2.191300421536597,-2.647216802777045,1.4317987464511674,-0.40692266327422144,-0.8264958290793081,0.5642573197448328,0.258236027781945
0.6286300835607342,-2.583335642384932,-2.4936515701766555,-2.8634864719221644,1.39138013289172,-0.22920945794837572,-0.703022112982771,0.6829184063928138,0.092028476414805
0.7183179376748717,-2.671612829225074,-2.461039438926958,-2.807819637325776,1.246818094396986,-0.3287024264249127,-0.7435090626725306,0.8010625695041416,0.058786966141377
3.8672856250524004,-2.0555047080670867,0.2003898674215652,3.3962855593437666,1.3484269950339842,0.6932795148690827,0.0016566549680629618,1.0493733235604994,-0.755630035557609
2.383620255384129,-0.4715502568205163,1.4404942184511398,2.8547510542156704,2.8640646893258834,0.8012041611521915,-0.032379564670961244,0.17893978174401326,-0.855354566377893
3.8645399217391962,-2.1429353438207177,0.1449685880906326,2.7739694044705066,2.4408829827745286,-0.15064236496814645,0.05906196695649427,1.1869520470441217,-0.0907998300890489
2.391791372021775,-0.5697082881841625,1.378421581549295,2.2391197431983123,3.944612413072638,-0.04390916763481265,0.02622005349085068,0.3165694484976892,-0.689147015010753
20.337689408916052,14.360959064450277,0.08578775369453458,-4.1983339203761245,-1.8024738212121731,-0.3103256426008986,-0.004503862479945432,0.6480121200919676,-0.539560218780327
19.088980240953234,15.714034181049179,1.1827389046088468,-4.5959945200585945,-0.5431305871645743,-0.22804384112293022,-0.012835742995121984,-0.22132500012116182,-0.755630035557609
5.601831264544394,-0.2024368238517948,-0.6284962782637677,4.250564274359525,3.2734730092870095,0.5676959587058481,0.7007031943902592,1.6055015552252665,-0.2071451160460469
4.1290827148269775,1.370790231784763,0.604956715194894,3.7157146130873286,4.777202439585117,0.6744291560391819,0.6678612809246157,0.735118956678834,-0.606043239327183
2.9940350939661124,-1.7858068051365463,0.21452642842782912,2.5116968757059137,0.595289827266449,1.317331747832555,-1.7435091513433862,2.266552638985998,-0.606043239327183
1.696088208842177,-0.38434832476510017,1.3414769440187178,2.0838858794313215,1.9083424507741826,1.4049872961218766,-1.7572276654966925,1.3969857512825734,-0.2071451160460469
1.6050692821539763,-2.511319535517435,-0.1384998063406143,0.6833175060228691,-1.4535139007499887,-0.13845115434741848,-0.3902184911159152,-0.4902619885050982,-0.739009280420895
0.8130052440579332,-1.606966023151422,0.6802283771313439,0.565280588370367,-0.6922874060473168,-0.10600706777631685,-0.34859314048695283,-1.3574681771581347,-0.855354566377893
1.5722812698338569,-2.118395740264357,-1.1937987620046355,1.0765694313244634,-1.6119720885856637,-0.9552734472644493,-2.1334820005079282,0.9728629447138617,-0.7057677701474669
1.3368847511338138,-2.2614968824691717,-1.4106117317243054,0.48182278117142474,-0.8122933476614745,-1.7089168900347205,-1.7391292502862694,0.5960427376748216,-0.689147015010753
3.357299559879554,-1.873849561187451,-0.9319515124465458,3.3243595156890087,0.763148207791602,-0.346909193701696,-1.193205127769782,2.065583661982886,-0.522939463643613
1.5051479612626344,-2.1815364168458715,-1.0438594446620764,1.000056419367527,-1.6609224535578302,-0.689947496832829,-2.0420688402074565,1.1928052520345234,-0.755630035557609
1.4057678063882493,-1.9006378937244868,-1.7634097941659252,1.2159574819651915,-1.74082935648468,-1.0031912876195082,-2.080647890952353,1.391600910162833,-0.1572828506359049
1.4770498215536543,-2.0534724358194483,-1.3106098805287625,1.1942648631066914,-1.895515213552037,-0.37886830499076013,-2.1285937754842434,1.1339877254410442,-0.572801729053755
5.47765547841802,-0.12533856344357447,-0.8974124691310514,0.7992199580025134,-0.03655890911592588,-0.680831572747306,0.1559273443109038,-0.017023748103076553,-1.021562117745033
5.125563035334843,0.3466775669631123,-0.34674846667979015,0.9505967915094495,0.24473863862494005,-0.6964054710078136,0.2456858320989679,-0.8821768121391251,-1.187769669112173
2.9644949187682053,-2.2035596459674642,-1.0021596590653605,2.6432434038697603,-0.11017047128125607,-0.00584645407132757,0.16469338898233152,-1.1656124554839744,0.657134151063081
2.612372865594402,-1.7315144192527305,-0.45147761589332697,2.7946021058298474,0.17115937568022843,-0.021417120721207213,0.2544486374100153,-2.0307656576953215,-0.0243168095421929
3.278276851734453,-2.0486375548247007,-0.9000685896649101,2.925020040079477,0.3965258840141378,-0.0014656851297579808,-0.30645290989447305,-0.2000131231846747,0.008924700731235
2.6941297663108275,-1.3485933024251768,-0.20801923789530574,2.9342997191892684,0.930952818739163,0.008286588622457763,-0.24208132902218948,-1.066249068715974,-0.0076960544054789
4.04448739456668,-0.24346762684396342,-1.0834247698031758,-0.24277941625295235,-2.896547630270279,0.5280321013450031,-0.7808527134654715,-1.798936377135658,-0.539560218780327
3.692365341392876,0.22857759987077061,-0.5327427266311424,-0.09142071429286563,-2.615217783308795,0.5124614346951237,-0.6910974650377878,-2.6640895793470043,-0.4896979533701849
1.8017308435553945,-2.4379062904695044,-0.6649180532495436,1.6418741667119543,-2.6995404995036827,0.4190719704345048,-1.484883968960924,-1.2060429058621287,-0.3899734225499009
1.2487597046442174,-1.7702561289957008,0.008051752614271353,1.6634254599791423,-2.194716256733493,0.42958770570601384,-1.4207718645614091,-2.058901000885352,-0.0076960544054789
4.50055839302043,-1.9369391530263789,-0.6840189040371939,4.510607051223845,2.18302455648312,-0.1545882463495968,1.0009951895429512,0.022207898144757366,-0.539560218780327
4.152064798840781,-1.4693389742724456,-0.13558998751541546,4.660778229311472,2.462598711211724,-0.16847193485354653,1.08931232222339,-0.836312187808897,-0.473077198233471
5.272960322650193,-1.812430870665307,-0.5744763151428735,5.6218028153231145,2.8350313251276833,-0.0655529848492194,1.8394767484434429,-0.42069971958062624,-0.888596076651321
4.9190240399793135,-1.338163119970173,-0.022667708645712444,5.773755279219432,3.117239018205608,-0.08196714057206403,1.9299510547447496,-1.2891694799208184,-0.606043239327183
1.7162627612078407,-3.361655674336657,-0.5272820480449265,-0.38349762820539,-2.5541441471403985,-0.20787777408027502,1.3229060726964372,0.8503653101648774,-1.3945079847245765
1.637863542147039,-3.1701878665292624,-0.6095566033538481,-0.11564777421274768,-2.752749085829435,0.025062025172173763,0.9278809795333095,1.045997841616415,-1.4391825032456187
1.6855158417179752,-3.2913880597722045,-0.8255952978243224,-0.2788283074175863,-2.5835135806639316,-0.30970624356772336,1.060757650084702,0.8018900795847405,-1.4689655155929804
1.7391499623657263,-3.3126958879641775,-0.6646334044769683,-0.11667408343970907,-2.7829756666297305,-0.17234674016417525,0.7721064950582779,0.6237717175794185,-1.3498334662035345
1.837137234770787,-3.3733415355089247,-0.5696038933630112,0.040631529318878624,-2.9196760861400355,-0.12168208106750851,0.8165008981231329,0.38464552326687707,-1.2455929229877694
1.7798681158349876,-3.094019987515733,-0.5325070177269893,0.5986589513630223,-3.4641072600250404,-0.006689716905606164,-0.07544985159248209,1.0195244305430282,-0.7243902069089446
1.4873400470053189,-3.0965391480516935,-0.13666745589543855,-0.06614482508253618,-2.7682906987259126,-0.20183558777403474,1.1374648045236948,0.419799962506235,-1.4093994908982574
1.5699248539580408,-3.0047209868934805,-0.6435936998628969,0.09756381795214787,-3.046083482598679,0.4579544948757135,-0.4237137116370067,0.87345909032952,-1.1562438859456852
1.8044763865434976,-3.360549791019897,-0.49620448017458485,-0.3840151368820047,-2.027077742203499,-0.41769473598184853,1.3668082752576767,-0.06235449606643112,-1.6029890711561063
1.735081753350268,-3.192986267588589,-0.5796674698948333,-0.14457651865331772,-2.142332044884529,-0.30138246352699904,1.1723712403515238,-0.060349590520439034,-1.6029890711561063
1.780650484577908,-3.326326208988602,-0.7166594446111494,-0.23545191138502855,-2.145950735541816,-0.608144949605908,1.2337876212657404,-0.1944704980555167,-1.6178805773297873
1.8168976086137714,-3.2483661984812655,-0.7012157961409339,0.11877662848641071,-2.5784055236255803,-0.2463347614520452,1.038105921789059,-0.6891711481116984,-1.4540740094192992
1.877904067956757,-3.346491995873611,-0.5695483086634109,0.12796520354754504,-2.5741809127569564,-0.3748412177036155,0.8540837636873965,-0.507516300834973,-1.4540740094192992
1.898811379908252,-3.1778981820702574,-0.6787277461939578,0.7500684875762748,-3.0452279128107853,-0.5567158843316724,0.10513998077637716,-0.5073563397111288,-1.215809910640408
1.5875826237161714,-3.0474248176297962,-0.17049067952864377,0.06726736624945537,-2.3301364725383,-0.31645714806061154,1.0895702278990271,-0.6021169791416967,-1.4093994908982574
1.599785207617816,-3.005232368048637,-0.6622607540660254,0.13458040891778691,-2.8636997762525995,0.2582572552296962,0.2526352441663265,-0.4500425174790072,-0.7243902069089446
-3.67053155523144,3.633568325416354,-3.943520358205515,0.9123697177886655,-0.7359119605957744,1.5281868513207757,0.6087785856939208,1.4372109179794395,3.881560647585597
-2.3121962819997215,1.605726976798723,-0.7142407602667031,0.1546062711968285,-0.5121615186917421,-0.6498486569458184,-1.090882952870794,2.0745932673083907,2.9840398702030413
-2.5292876116727645,2.048511404800618,-1.5294285016500775,0.6847151543878798,-1.1041345077547187,-0.5715073612253578,-0.42271004222361364,1.8590111964355236,3.748594606491885
-3.280238018296711,2.986574583437613,-3.0615351130798696,0.753733011643919,-0.6734527479524454,0.7716819336253835,0.4648218074434455,0.6517525010568046,3.432800258894319
-3.6980674854128734,3.5472502931462535,-2.4036457259187602,0.9338196729618234,-0.3381393315014086,0.7551902052352369,0.5706585550852471,-0.3778082904618119,0.640513395926367
-3.7524943703251914,3.613926012558255,-2.369848826164935,0.9516325310487453,-0.31180394800820577,0.7298855330462878,0.5922302912939282,-0.4773050343271895,0.258236027781945
-3.709169906861358,3.562207250643604,-2.385683954976821,0.938657146349479,-0.3290689160767797,0.7549664041891119,0.5733987264437352,-0.4054859351904273,0.424443579149085
-3.7635967917736735,3.628882970055607,-2.3518870552229942,0.9564700044364011,-0.30273353258357705,0.729661732000163,0.5949704626524165,-0.5049826790558049,-0.0076960544054789
-3.7202723283098416,3.5771642081409563,-2.3677221840348808,0.9434946197371347,-0.319998500652151,0.7547426031429869,0.5761388978022234,-0.4331635799190427,0.125269986688233
-3.7746992132221564,3.6438399275529583,-2.333925284281055,0.9613074778240565,-0.2936631171589484,0.7294379309540381,0.5977106340109045,-0.5326603237844202,-0.290248891729617
-2.15753050248354,0.9875070163237314,-0.26458547227645374,-0.47296498387003555,0.15650291523476512,-2.3387781275514192,-0.41405997119926097,1.322443521288989,2.452175705828193
-2.5753599695997047,1.5481827260323715,0.3933039148846548,-0.2928783225521313,0.49181633168580197,-2.355269855941565,-0.3082232235574595,0.29288272977037294,-0.0243168095421929
-2.6297868545120204,1.6148584454443735,0.4271008146384809,-0.27506546446520924,0.5181517151790046,-2.3805745281305146,-0.2866514873487784,0.1933859859049955,-0.2570073814561889
-2.586462391048187,1.563139683529723,0.41126568582659445,-0.28804084916447575,0.5008867471104306,-2.3554936569876905,-0.30548305219897126,0.2652050850417575,-0.2237658711827609
-2.6408892759605034,1.6298154029417247,0.44506258558042067,-0.27022799107755374,0.5272221306036334,-2.3807983291766392,-0.2839113159902902,0.16570834117637995,-0.3899734225499009
-2.5975648124966697,1.5780966410270743,0.4292274567685342,-0.2832033757768203,0.5099571625350594,-2.355717458033815,-0.3027428808404831,0.23752744031314216,-0.356731912276473
-2.6519916974089863,1.6447723604390758,0.4630243565223605,-0.26539051768989824,0.536292546028262,-2.3810221302227643,-0.281171144631802,0.13803069644776458,-0.406594177686615
-2.471504713796639,1.5722173561248245,-1.4896797511604087,-0.02908002368766895,-0.024689798901852248,-1.5813288627191442,0.5351768180863943,0.47132607150076206,2.8676945842460437
-2.889334180912803,2.132893065833465,-0.8317903639992997,0.1510066376302354,0.3106236175491848,-1.5978205911092906,0.6410135657281958,-0.5582347200178542,0.391202068875657
-2.9437610658251194,2.199568785245467,-0.7979934642454739,0.1688194957171574,0.33695900104238735,-1.6231252632982394,0.6625853019368768,-0.6577314638832317,0.008924700731235
-2.900436602361286,2.147850023330816,-0.8138285930573599,0.15584411101789092,0.3196940329738135,-1.5980443921554157,0.6437537370866839,-0.5859123647464697,0.141890741824947
-2.9548634872736024,2.2145257427428167,-0.780031693303534,0.173656969104813,0.346029416467016,-1.6233490643443644,0.6653254732953651,-0.6854091086118473,-0.1074205852257629
-2.911539023809769,2.162806980828167,-0.7958668221154204,0.1606815844055464,0.32876444839844204,-1.5982681932015408,0.6464939084451722,-0.613590009475085,-0.0243168095421929
-2.9659659087220853,2.2294827002401685,-0.7620699223615941,0.1784944424924684,0.3550998318916448,-1.6235728653904897,0.6680656446538532,-0.7130867533404626,-0.2237658711827609
-3.5394426911788406,3.485511345559823,-3.4365418456326235,1.0186621160393503,-0.9687245690488533,1.7969088189733766,-0.1169424135619778,1.159633763696262,4.014526688679309
-3.957272158295004,4.0461870552684625,-2.7786524584715155,1.1987487773572547,-0.6334111525978162,1.7804170905832295,-0.011105665920176349,0.13007297217764557,0.856583212703649
-4.0116990432073205,4.112862774680465,-2.7448555587176884,1.2165616354441764,-0.6070757691046136,1.75511241839428,0.010466070288504806,0.03057622831226802,0.474305844559227
-3.968374579743487,4.061144012765815,-2.7606906875295754,1.2035862507449102,-0.6243407371731876,1.7801932895371044,-0.008365494561688166,0.10239532744903014,0.623892640789653
-4.022801464655805,4.127819732177816,-2.72689378777575,1.2213991088318323,-0.5980053536799848,1.754888617348156,0.013206241646992979,0.0028985835836525943,0.191753007235089
-3.97947700119197,4.076100970263165,-2.7427289165876347,1.2084237241325657,-0.615270321748559,1.779969488490979,-0.005625323203199983,0.0747176827204146,0.391202068875657
-4.033903886104288,4.142776689675166,-2.7089320168338094,1.2262365822194874,-0.588934938255356,1.75466481630203,0.015946413005481174,-0.024779061144962915,0.008924700731235
-2.180087608931122,1.0302885656991023,-0.9862434249544708,-0.46881522056787756,0.43821866617694183,-2.2403342404163693,-0.4571737855847152,0.8889969730268967,2.269347399324339
-2.597917076047285,1.590964275407743,-0.32835403779336186,-0.28872855924997326,0.7735320826279787,-2.256825968806515,-0.35133703794291377,-0.14056381849171967,1.089273784617645
-2.6523439609596005,1.6576399948197444,-0.2945571380395357,-0.2709157011630512,0.7998674661211815,-2.2821306409954656,-0.32976530173423263,-0.2400605623570972,0.6072718856529391
-2.6090194974957677,1.605921232905094,-0.310392266851422,-0.28389108586231776,0.7826024980526073,-2.2570497698526406,-0.3485968665844256,-0.16824146322033517,0.6737549061997951
-2.6634463824080834,1.6725969523170956,-0.27659536709759597,-0.26607822777539575,0.8089378815458099,-2.2823544420415898,-0.32702513037574443,-0.26773820708571267,0.457685089422513
-2.62012191894425,1.620878190402445,-0.29243049590948234,-0.2790536124746623,0.791672913477236,-2.2572735708987657,-0.34585669522593737,-0.1959191079489506,0.524168109969369
-2.6745488038565677,1.6875539098144465,-0.2586335961556563,-0.26124075438774025,0.8180082969704388,-2.282578243087715,-0.32428495901725624,-0.29541585181432806,0.341339803465515
-2.9795915377992643,2.624820243479498,-0.6029470845773418,0.983223177826232,-0.6909611681741437,0.054749313935354996,-0.4642184262257729,-0.19489108551538675,0.9554466905046456
-3.093676401205219,2.725548737713034,-0.8049140618590721,0.926545782669591,-0.7054002720200822,0.23681261116049038,-0.06243993418518371,-0.3239462801850111,1.044515111918865
-3.9729791151441076,3.9484776402322646,-2.342857836038798,1.1414690843671111,-0.43848303730824434,1.8175593397510916,0.424232273216618,-0.7414211895504839,0.4032224777364867
-3.914071347558263,3.8806205886018845,-2.278513433162984,1.0977829918506394,-0.38396293252296065,1.8049838929696422,0.3891766972573465,-0.743570488998812,0.2785266877565795
-1.2466594699393185,0.15011699872963732,3.6367527563379736,-0.6398168658364434,0.31486806797536326,1.1150143124483967,-1.4624977810689002,0.6103719815725109,0.092028476414805
-1.2591247468496025,0.05318219401169212,3.656552621509254,-0.8195273585211391,0.49833960159210855,0.5582245083552096,-0.9203615462313403,0.4282856593987654,0.075407721278091
-1.140654790807811,-0.04176629577212958,3.724445122896286,-0.6968914718687871,0.43681647053022815,0.6441889161992124,-1.028766476818047,0.21196093665921942,0.258236027781945
-1.285024757821956,-0.08973341702532782,3.8493867400435184,-0.6878622376095005,0.1758951414103154,-0.170759341323255,0.7085527641724118,-1.474329542054478,-0.0575583198156209
-1.1627322029277545,-0.2715170648215182,4.233867894044449,-0.9517040191236885,0.22108797748581402,0.42481291548793965,0.9909404454858403,-0.47029848034916005,-0.340111157139759
-1.2013183005488188,0.23213851651541945,3.7151990935503165,-0.012358774920404037,-0.6282597907887622,1.4608046941852908,-1.0436545327403521,-0.886694021896129,0.457685089422513
-1.3930409072014034,-0.08524411229571965,4.007679764963418,-0.992236757940004,0.2406325584239568,0.3394950884337227,0.37371063077272415,-0.09482708003881314,-0.0907998300890489
-1.3992752393666459,0.11088440997632343,3.918608063497169,-0.6782516526566154,0.08600330363823327,0.7378789951741517,-0.4528593240355132,-0.3958839830895729,-0.0907998300890489
-1.3371214258024149,0.03825978791517593,4.026257165639228,-0.7147424823660025,0.12712504035127303,0.8833126352955915,-0.5881848957858571,0.010480227021211755,0.075407721278091
-1.3494040476817126,-0.03261653247994976,4.120418551422481,-1.0116550531092665,0.3996270179704834,0.7078746582757633,0.34883924040060554,0.12755108202316306,-0.0907998300890489
-1.393040287389467,-0.007298524119953388,4.077339803654857,-1.103863452671446,0.6714032619891582,0.4526567245114762,-0.12363099860300898,0.11854622868355802,-0.1074205852257629
-1.3064672732342562,0.094996085898939,3.901996428196145,-0.7866845236340001,0.16440319352783608,0.8289780215067132,-0.35897757803711144,0.3396306424203175,0.008924700731235
-1.2404554727188493,0.16620630893205873,3.6883518478945283,-0.3348058013836283,-0.28799237399411715,1.2490309593414495,-0.9360535358710915,-0.15309811316363767,0.075407721278091
-1.394758378752956,-0.5793851885214955,4.418208330939675,-1.7741706601406364,-0.27927913250095837,-0.38382127441633,5.237063229605424,1.0235189304175656,-0.722388525284181
-1.2559381280851492,-0.559400036889952,4.116975066782302,-1.580905136028623,-0.14765020384258642,-0.3956763414489498,4.468283754973249,0.6878709056446647,-0.4398356879600429
-0.6431729219021686,-0.7371975906062512,3.560619442191841,-0.9214438872197687,0.2501401036740572,-0.13783743513902022,1.7763574156169761,-0.10651097467556986,-0.1406620954991909
-1.2830538122324968,-0.09058873466020785,3.979169039550241,-0.9668960692732911,0.25186763113216304,0.6201951944584719,-0.014050793699961376,0.5240535528422141,0.008924700731235
-1.6801328554979376,0.1510755122578715,4.310951636218929,-1.1072094889894077,-0.4750155105758626,1.0891303518975024,1.231407172675399,1.247143436803481,0.008924700731235
-1.7574286573865958,0.15367316004311662,4.250006207082679,-1.4551688661605209,-0.07036456993997035,0.6857369794848119,1.3065082178483562,1.9055616694769162,0.224994517508517
-1.7234301108418653,0.204074024575793,4.162136561958439,-1.4328540730676016,0.08306823148163106,0.8446416844410349,0.4982590232622508,2.333374140404624,0.241615272645231
-1.7603415788879562,0.34748975321073505,4.068028399877713,-1.1672721404457174,-0.22092450730599716,1.2458079922278176,-0.07486922930571675,2.23587691809491,0.258236027781945
-1.1148557404074466,-0.18940000851677055,3.5506825114498275,-0.4734209594819189,-0.4344200406717714,0.14381650908362276,0.9227016917539251,-1.0453960351346576,0.092028476414805
-1.1098938086319179,-0.04927108955308497,3.473725291538391,-0.14434776837268729,-0.8732778725222524,0.7293333248984317,0.4367414955560456,-1.0464848243219524,0.308098293192087
-1.1549179735183877,0.013048325992978551,3.501744086290458,-0.3946136271021224,-0.35186580627227626,0.7474737736559752,-0.4271162472963796,-0.2568824244858362,0.357960558602229
-1.1013741604180225,0.10073534882483784,3.3691268942727386,-0.14685254242655013,-0.5911912485356245,1.2523034928026893,-1.0406585516952702,-0.06393694947549149,0.457685089422513
-1.12957335572577,0.13397161888057824,3.376766369760361,-0.360336002281203,-0.3565309661250039,1.3363892895045026,-1.4077211946021897,0.856128992299442,0.357960558602229
-0.7082013215267204,-0.32012100702263596,3.3284062461484947,-0.39308866459488984,0.8165156560884745,0.1970950773175199,-1.7628430597060119,-1.1627120213236437,-0.0575583198156209
-0.6174579729286126,-0.31436231984338703,3.1231622628226465,0.09966214147946115,0.07164175775181912,0.46182492709113176,-1.7932201483208117,-1.9336981507221287,0.241615272645231
-0.7782434531932405,-0.2694779264170247,3.206166186849731,-0.3440093838013392,0.7332665004557737,-0.07894588444103465,-1.4556952146759048,-1.7355264425660364,0.025545455867949
-0.738656839095731,-0.2872443183310811,3.251040332064099,-0.37688866686314837,0.7689171590277822,0.12086691468904742,-1.8104291331555127,-1.1458686310689155,0.125269986688233
-0.8607325476590932,-0.24704910068916114,3.268351178578276,-0.46736164807374503,0.8781057586505091,-0.1624180675005032,-1.5163383147637661,-1.601138517482886,-0.2237658711827609
-0.7776333436804523,-0.2899634254702318,3.106048524429415,-0.4542169374554113,0.8565540370914834,-0.18257475403009396,-1.5586846624312647,-1.3972992350651883,-0.2736281365929029
